material_number,material_description,created,valid_from,valid_to,product_category_cpc,product_name_company
NX6A-12B565-CA,M320 - MODULES - ENG - AUX - TurboFlex HyperAux Control,2024-10-18T11:36:06.737877,2024-10-18T11:36:06.737877,9999-12-31T11:46:26.996253,011-99000,M320 - MODULES - ENG - AUX - TurboFlex HyperAux Control
JX7T-14F679-CA,M305 - MODULE ELEC BODY - BodyPro MaxLink Unit,2024-10-18T11:36:06.737877,2024-10-18T11:36:06.737877,9999-12-31T11:46:26.996253,011-99000,M305 - MODULE ELEC BODY - BodyPro MaxLink Unit
GB5T-14F680-DA,M305 - MODULE ELEC BODY - BodyMate ProLink Unit,2024-10-18T11:36:06.737877,2024-10-18T11:36:06.737877,9999-12-31T11:46:26.996253,011-99000,M305 - MODULE ELEC BODY - BodyMate ProLink Unit
LU5T-15604-BJGE,M313 - MODULE-BODY CONTROL - SyncMate Elite Body Unit,2024-10-18T11:36:06.737877,2024-10-18T11:36:06.737877,9999-12-31T11:46:26.996253,011-99000,M313 - MODULE-BODY CONTROL - SyncMate Elite Body Unit
L1UA-12A650-FA,M300 - MODULE - ELECTRONIC ENGINE - TurboSync Elite Engine Unit,2024-10-18T11:36:06.737877,2024-10-18T11:36:06.737877,9999-12-31T11:46:26.996253,011-99000,M300 - MODULE - ELECTRONIC ENGINE - TurboSync Elite Engine Unit
LX6A-7P238-ACL,M320 - MODULES - ENG - AUX - FlexDrive HyperModule,2024-10-18T11:36:06.737877,2024-10-18T11:36:06.737877,9999-12-31T11:46:26.996253,011-99000,M320 - MODULES - ENG - AUX - FlexDrive HyperModule
LJ6T-14F642-DC,M305 - MODULE ELEC BODY - PowerPulse EliteControl Module,2024-10-18T11:36:06.737877,2024-10-18T11:36:06.737877,9999-12-31T11:46:26.996253,011-99000,M305 - MODULE ELEC BODY - PowerPulse EliteControl Module
JX7T-14B673-BB,M305 - MODULE ELEC BODY - BodySync Elite Electronic Module,2024-10-18T11:36:06.737877,2024-10-18T11:36:06.737877,9999-12-31T11:46:26.996253,011-99000,M305 - MODULE ELEC BODY - BodySync Elite Electronic Module
CAP-7757,"Capacitors - CAP  0.22uF 10% 16V X7R 0402 ",2024-10-18T11:36:06.737877,2024-10-18T11:36:06.737877,9999-12-31T11:46:26.996253,011-99000,"Capacitors - CAP  0.22uF 10% 16V X7R 0402 "
CAP-8039,"Capacitors - CAP MLCC X6S 4.7uF 20% 0603  ",2024-10-18T11:36:06.737877,2024-10-18T11:36:06.737877,9999-12-31T11:46:26.996253,011-99000,"Capacitors - CAP MLCC X6S 4.7uF 20% 0603  "
CAP-3195,"Capacitors - CAP MLCC X7R 1000pF 10% 0201 ",2024-10-18T11:36:06.737877,2024-10-18T11:36:06.737877,9999-12-31T11:46:26.996253,011-99000,"Capacitors - CAP MLCC X7R 1000pF 10% 0201 "
IND-4845,"Inductors - IND 24nH 3% 140mA 2000MHz    ",2024-10-18T11:36:06.737877,2024-10-18T11:36:06.737877,9999-12-31T11:46:26.996253,011-99000,"Inductors - IND 24nH 3% 140mA 2000MHz    "
IND-7885,Inductors - FERCHIP120OHM-100MHZ 0.5A 0402,2024-10-18T11:36:06.737877,2024-10-18T11:36:06.737877,9999-12-31T11:46:26.996253,011-99000,Inductors - FERCHIP120OHM-100MHZ 0.5A 0402
CAP-7654,Capacitors - CAP 6.2pF +0.1pF 25V 0603 C0G,2024-10-18T11:36:06.737877,2024-10-18T11:36:06.737877,9999-12-31T11:46:26.996253,011-99000,Capacitors - CAP 6.2pF +0.1pF 25V 0603 C0G
CAP-2765,"Capacitors - MLCC X7R 0.47uF 50V 10% 0805 ",2024-10-18T11:36:06.737877,2024-10-18T11:36:06.737877,9999-12-31T11:46:26.996253,011-99000,"Capacitors - MLCC X7R 0.47uF 50V 10% 0805 "
IND-8973,Inductors - IND 1008 1.5uH20%3.3A0.060ohms,2024-10-18T11:36:06.737877,2024-10-18T11:36:06.737877,9999-12-31T11:46:26.996253,011-99000,Inductors - IND 1008 1.5uH20%3.3A0.060ohms
CAP-8747,"Capacitors - CAP MLCC X6S 0.10uF 10% 0201 ",2024-10-18T11:36:06.737877,2024-10-18T11:36:06.737877,9999-12-31T11:46:26.996253,011-99000,"Capacitors - CAP MLCC X6S 0.10uF 10% 0201 "
THR-3049,"Thermistors - NTC Therm 100K 1% AEC-Q200   ",2024-10-18T11:36:06.737877,2024-10-18T11:36:06.737877,9999-12-31T11:46:26.996253,011-99000,"Thermistors - NTC Therm 100K 1% AEC-Q200   "
IND-7550,Inductors - IND 1.5nH0.1nH600mA15000MHz,2024-10-18T11:36:06.737877,2024-10-18T11:36:06.737877,9999-12-31T11:46:26.996253,011-99000,Inductors - IND 1.5nH0.1nH600mA15000MHz
IND-6782,Inductors - IND 2.2uH 20% 46mOhms AEC-Q200,2024-10-18T11:36:06.737877,2024-10-18T11:36:06.737877,9999-12-31T11:46:26.996253,011-99000,Inductors - IND 2.2uH 20% 46mOhms AEC-Q200
CAP-8726,"Capacitors - MLCC 4.7uF 10% 100V X7S 1210 ",2024-10-18T11:36:06.737877,2024-10-18T11:36:06.737877,9999-12-31T11:46:26.996253,011-99000,"Capacitors - MLCC 4.7uF 10% 100V X7S 1210 "
IND-3671,"Inductors - IND 6.8nH 3% 300mA3900MHz    ",2024-10-18T11:36:06.737877,2024-10-18T11:36:06.737877,9999-12-31T11:46:26.996253,011-99000,"Inductors - IND 6.8nH 3% 300mA3900MHz    "
CAP-8410,"Capacitors - CAP  X6S 1.0uF 10% 25V 0402  ",2024-10-18T11:36:06.737877,2024-10-18T11:36:06.737877,9999-12-31T11:46:26.996253,011-99000,"Capacitors - CAP  X6S 1.0uF 10% 25V 0402  "
CAP-6796,"Capacitors - CAP  3300pF 10% 50V X7R 0402 ",2024-10-18T11:36:06.737877,2024-10-18T11:36:06.737877,9999-12-31T11:46:26.996253,011-99000,"Capacitors - CAP  3300pF 10% 50V X7R 0402 "
IND-2617,"Inductors - IND 5.6nH 5% 350mA4000MHz    ",2024-10-18T11:36:06.737877,2024-10-18T11:36:06.737877,9999-12-31T11:46:26.996253,011-99000,"Inductors - IND 5.6nH 5% 350mA4000MHz    "
CAP-3302,"Capacitors - CAP 15pF 1% 50V 0603C0G      ",2024-10-18T11:36:06.737877,2024-10-18T11:36:06.737877,9999-12-31T11:46:26.996253,011-99000,"Capacitors - CAP 15pF 1% 50V 0603C0G      "
CAP-7697,Capacitors - CAP 3.6pF +0.1pF 25V 0603 C0G,2024-10-18T11:36:06.737877,2024-10-18T11:36:06.737877,9999-12-31T11:46:26.996253,011-99000,Capacitors - CAP 3.6pF +0.1pF 25V 0603 C0G
CAP-1644,"Capacitors - CAP MLCC X6S 0.10uF 10% 0201 ",2024-10-18T11:36:06.737877,2024-10-18T11:36:06.737877,9999-12-31T11:46:26.996253,011-99000,"Capacitors - CAP MLCC X6S 0.10uF 10% 0201 "
CAP-7931,"Capacitors - CAP 100pF 5% 25V 0603C0G     ",2024-10-18T11:36:06.737877,2024-10-18T11:36:06.737877,9999-12-31T11:46:26.996253,011-99000,"Capacitors - CAP 100pF 5% 25V 0603C0G     "
CAP-8588,"Capacitors - CAP MLCC X6S 0.33uF 10% 0402 ",2024-10-18T11:36:06.737877,2024-10-18T11:36:06.737877,9999-12-31T11:46:26.996253,011-99000,"Capacitors - CAP MLCC X6S 0.33uF 10% 0402 "
CAP-9832,Capacitors - CAP 7.5pF +0.1pF 25V 0603 C0G,2024-10-18T11:36:06.737877,2024-10-18T11:36:06.737877,9999-12-31T11:46:26.996253,011-99000,Capacitors - CAP 7.5pF +0.1pF 25V 0603 C0G
CAP-5148,Capacitors - CAP 0.50pF 0.05pF 50V 0603,2024-10-18T11:36:06.737877,2024-10-18T11:36:06.737877,9999-12-31T11:46:26.996253,011-99000,Capacitors - CAP 0.50pF 0.05pF 50V 0603
CAP-9150,"Capacitors - CAP MLCC X6S 4.7uF 20% 0402  ",2024-10-18T11:36:06.737877,2024-10-18T11:36:06.737877,9999-12-31T11:46:26.996253,011-99000,"Capacitors - CAP MLCC X6S 4.7uF 20% 0402  "
IND-3167,Inductors - IND 1uH 20% 3.8A ISAT 0.042Ohm,2024-10-18T11:36:06.737877,2024-10-18T11:36:06.737877,9999-12-31T11:46:26.996253,011-99000,Inductors - IND 1uH 20% 3.8A ISAT 0.042Ohm
FIL-6243,"Filters - 200uH Common Mode Filters    ",2024-10-18T11:36:06.737877,2024-10-18T11:36:06.737877,9999-12-31T11:46:26.996253,011-99000,"Filters - 200uH Common Mode Filters    "
IND-8854,Inductors - FerBead 220Ohms100MHz 2A 0603,2024-10-18T11:36:06.737877,2024-10-18T11:36:06.737877,9999-12-31T11:46:26.996253,011-99000,Inductors - FerBead 220Ohms100MHz 2A 0603
CAP-5663,"Capacitors - CAP  1000pF 10% 50V X7R 0402 ",2024-10-18T11:36:06.737877,2024-10-18T11:36:06.737877,9999-12-31T11:46:26.996253,011-99000,"Capacitors - CAP  1000pF 10% 50V X7R 0402 "
IND-8803,Inductors - IND 3.3nH 0.1nH450mA8000MHz,2024-10-18T11:36:06.737877,2024-10-18T11:36:06.737877,9999-12-31T11:46:26.996253,011-99000,Inductors - IND 3.3nH 0.1nH450mA8000MHz
IND-2921,"Inductors - IND 4.7nH 3% 350mA4400MHz    ",2024-10-18T11:36:06.737877,2024-10-18T11:36:06.737877,9999-12-31T11:46:26.996253,011-99000,"Inductors - IND 4.7nH 3% 350mA4400MHz    "
IND-4517,"Inductors - IND 5.1nH 5% 350mA4200MHz    ",2024-10-18T11:36:06.737877,2024-10-18T11:36:06.737877,9999-12-31T11:46:26.996253,011-99000,"Inductors - IND 5.1nH 5% 350mA4200MHz    "
IND-1437,Inductors - INDUCTOR CHIP 1.5uH 20% 50MHz,2024-10-18T11:36:06.737877,2024-10-18T11:36:06.737877,9999-12-31T11:46:26.996253,011-99000,Inductors - INDUCTOR CHIP 1.5uH 20% 50MHz
IND-6706,Inductors - IND 2.5nH0.1nH500mA10000MHz,2024-10-18T11:36:06.737877,2024-10-18T11:36:06.737877,9999-12-31T11:46:26.996253,011-99000,Inductors - IND 2.5nH0.1nH500mA10000MHz
CAP-8241,Capacitors - CAP  X7R 10000pF 10% 10V 0201,2024-10-18T11:36:06.737877,2024-10-18T11:36:06.737877,9999-12-31T11:46:26.996253,011-99000,Capacitors - CAP  X7R 10000pF 10% 10V 0201
CAP-8191,Capacitors - CAP 8.2pF +0.1pF 50V 0402 C0G,2024-10-18T11:36:06.737877,2024-10-18T11:36:06.737877,9999-12-31T11:46:26.996253,011-99000,Capacitors - CAP 8.2pF +0.1pF 50V 0402 C0G
CAP-8165,Capacitors - CAP 1.0pF +0.1pF 25V 0603 C0G,2024-10-18T11:36:06.737877,2024-10-18T11:36:06.737877,9999-12-31T11:46:26.996253,011-99000,Capacitors - CAP 1.0pF +0.1pF 25V 0603 C0G
CAP-8522,Capacitors - CAP 0.80pF 0.05pF 50V 0603,2024-10-18T11:36:06.737877,2024-10-18T11:36:06.737877,9999-12-31T11:46:26.996253,011-99000,Capacitors - CAP 0.80pF 0.05pF 50V 0603
CAP-3996,Capacitors - CAP 6.8pF +0.1pF 25V 0603 C0G,2024-10-18T11:36:06.737877,2024-10-18T11:36:06.737877,9999-12-31T11:46:26.996253,011-99000,Capacitors - CAP 6.8pF +0.1pF 25V 0603 C0G
CAP-4449,Capacitors - CAP 2.0pF +0.1pF 25V 0603 C0G,2024-10-18T11:36:06.737877,2024-10-18T11:36:06.737877,9999-12-31T11:46:26.996253,011-99000,Capacitors - CAP 2.0pF +0.1pF 25V 0603 C0G
CAP-8582,Capacitors - CAP 0.50pF +0.1pF 50V 0603C0G,2024-10-18T11:36:06.737877,2024-10-18T11:36:06.737877,9999-12-31T11:46:26.996253,011-99000,Capacitors - CAP 0.50pF +0.1pF 50V 0603C0G
CAP-2071,"Capacitors - 1.0uF 6.3V 0201 X5R 20% AEC  ",2024-10-18T11:36:06.737877,2024-10-18T11:36:06.737877,9999-12-31T11:46:26.996253,011-99000,"Capacitors - 1.0uF 6.3V 0201 X5R 20% AEC  "
CAP-6208,"Capacitors - CAP 4700pF 10% 100V 0603 X7R ",2024-10-18T11:36:06.737877,2024-10-18T11:36:06.737877,9999-12-31T11:46:26.996253,011-99000,"Capacitors - CAP 4700pF 10% 100V 0603 X7R "
CAP-8130,"Capacitors - CAP 10pF 1% 50V 0603C0G      ",2024-10-18T11:36:06.737877,2024-10-18T11:36:06.737877,9999-12-31T11:46:26.996253,011-99000,"Capacitors - CAP 10pF 1% 50V 0603C0G      "
IND-8535,Inductors - IND 3.0nH 0.1nH450mA9500MHz,2024-10-18T11:36:06.737877,2024-10-18T11:36:06.737877,9999-12-31T11:46:26.996253,011-99000,Inductors - IND 3.0nH 0.1nH450mA9500MHz
L1UA-12A650-GA,M300 - MODULE - ELECTRONIC ENGINE - IgnitionMaster HyperModule,2024-10-18T11:36:06.737877,2024-10-18T11:36:06.737877,9999-12-31T11:46:26.996253,011-99000,M300 - MODULE - ELECTRONIC ENGINE - IgnitionMaster HyperModule
CJ5T-14F680-TA,M305 - MODULE ELEC BODY - PowerFlex ProControl Hub,2024-10-18T11:36:06.737877,2024-10-18T11:36:06.737877,9999-12-31T11:46:26.996253,011-99000,M305 - MODULE ELEC BODY - PowerFlex ProControl Hub
K1GA-12A650-DB,M300 - MODULE - ELECTRONIC ENGINE - EngineLink ProControl Module,2024-10-18T11:36:06.737877,2024-10-18T11:36:06.737877,9999-12-31T11:46:26.996253,011-99000,M300 - MODULE - ELECTRONIC ENGINE - EngineLink ProControl Module
LJ6T-14G532-NAD,M314 - SYNC MODULES - SyncPro EliteModule,2024-10-18T11:36:06.737877,2024-10-18T11:36:06.737877,9999-12-31T11:46:26.996253,011-99000,M314 - SYNC MODULES - SyncPro EliteModule
KV6A-5H298-CF,M320 - MODULES - ENG - AUX - PowerMate ProLink Unit,2024-10-18T11:36:06.737877,2024-10-18T11:36:06.737877,9999-12-31T11:46:26.996253,011-99000,M320 - MODULES - ENG - AUX - PowerMate ProLink Unit
JU5T-14C724-BA,M305 - MODULE ELEC BODY - TechBody HyperSync Module,2024-10-18T11:36:06.737877,2024-10-18T11:36:06.737877,9999-12-31T11:46:26.996253,011-99000,M305 - MODULE ELEC BODY - TechBody HyperSync Module
LJ6T-14G532-NGD,M314 - SYNC MODULES - TechSync Control Module,2024-10-18T11:36:06.737877,2024-10-18T11:36:06.737877,9999-12-31T11:46:26.996253,011-99000,M314 - SYNC MODULES - TechSync Control Module
CJ5T-14F680-SA,M305 - MODULE ELEC BODY - QuickSync HyperBody Module,2024-10-18T11:36:06.737877,2024-10-18T11:36:06.737877,9999-12-31T11:46:26.996253,011-99000,M305 - MODULE ELEC BODY - QuickSync HyperBody Module
LJ6T-14F642-BK,M305 - MODULE ELEC BODY - AutoMate ProElec Hub,2024-10-18T11:36:06.737877,2024-10-18T11:36:06.737877,9999-12-31T11:46:26.996253,011-99000,M305 - MODULE ELEC BODY - AutoMate ProElec Hub
LU5T-15604-BJCE,M313 - MODULE-BODY CONTROL - BodyControl ProLink Module,2024-10-18T11:36:06.737877,2024-10-18T11:36:06.737877,9999-12-31T11:46:26.996253,011-99000,M313 - MODULE-BODY CONTROL - BodyControl ProLink Module
LX6A-12A650-DGA,M300 - MODULE - ELECTRONIC ENGINE - TechDrive ProEngine Module,2024-10-18T11:36:06.737877,2024-10-18T11:36:06.737877,9999-12-31T11:46:26.996253,011-99000,M300 - MODULE - ELECTRONIC ENGINE - TechDrive ProEngine Module
LX6A-12A650-BKA,M300 - MODULE - ELECTRONIC ENGINE - PowerPulse ProEngine Control,2024-10-18T11:36:06.737877,2024-10-18T11:36:06.737877,9999-12-31T11:46:26.996253,011-99000,M300 - MODULE - ELECTRONIC ENGINE - PowerPulse ProEngine Control
LX6A-9D370-BB,M320 - MODULES - ENG - AUX - PowerSync ProAux Control,2024-10-18T11:36:06.737877,2024-10-18T11:36:06.737877,9999-12-31T11:46:26.996253,011-99000,M320 - MODULES - ENG - AUX - PowerSync ProAux Control
LX6A-12A650-BNA,M300 - MODULE - ELECTRONIC ENGINE - FuelFlex HyperControl Unit,2024-10-18T11:36:06.737877,2024-10-18T11:36:06.737877,9999-12-31T11:46:26.996253,011-99000,M300 - MODULE - ELECTRONIC ENGINE - FuelFlex HyperControl Unit
JU5T-14C708-CJ,M305 - MODULE ELEC BODY - PowerGuard ProElec Module,2024-10-18T11:36:06.737877,2024-10-18T11:36:06.737877,9999-12-31T11:46:26.996253,011-99000,M305 - MODULE ELEC BODY - PowerGuard ProElec Module
F1FA-9D370-GA,M320 - MODULES - ENG - AUX - AuxPro EliteEngine Hub,2024-10-18T11:36:06.737877,2024-10-18T11:36:06.737877,9999-12-31T11:46:26.996253,011-99000,M320 - MODULES - ENG - AUX - AuxPro EliteEngine Hub
LX6A-7P238-AGH,M320 - MODULES - ENG - AUX - QuickSync AuxLink Module,2024-10-18T11:36:06.737877,2024-10-18T11:36:06.737877,9999-12-31T11:46:26.996253,011-99000,M320 - MODULES - ENG - AUX - QuickSync AuxLink Module
LJ6T-14G113-JA,M305 - MODULE ELEC BODY - SmartBody HyperControl Module,2024-10-18T11:36:06.737877,2024-10-18T11:36:06.737877,9999-12-31T11:46:26.996253,011-99000,M305 - MODULE ELEC BODY - SmartBody HyperControl Module
GB5T-14F680-CA,M305 - MODULE ELEC BODY - TechGuard EliteElec Module,2024-10-18T11:36:06.737877,2024-10-18T11:36:06.737877,9999-12-31T11:46:26.996253,011-99000,M305 - MODULE ELEC BODY - TechGuard EliteElec Module
LX6A-12A650-BMA,M300 - MODULE - ELECTRONIC ENGINE - EnginePro EliteLink Module,2024-10-18T11:36:06.737877,2024-10-18T11:36:06.737877,9999-12-31T11:46:26.996253,011-99000,M300 - MODULE - ELECTRONIC ENGINE - EnginePro EliteLink Module
LX6A-7P238-AFK,M320 - MODULES - ENG - AUX - EngineGuard EliteAux Control,2024-10-18T11:36:06.737877,2024-10-18T11:36:06.737877,9999-12-31T11:46:26.996253,011-99000,M320 - MODULES - ENG - AUX - EngineGuard EliteAux Control
JX61-12B533-AB,M320 - MODULES - ENG - AUX - AuxPower ProEngine Module,2024-10-18T11:36:06.737877,2024-10-18T11:36:06.737877,9999-12-31T11:46:26.996253,011-99000,M320 - MODULES - ENG - AUX - AuxPower ProEngine Module
CAP-2313,"Capacitors - CAP MLCC X6S 4.7uF 10% 0603  ",2024-10-18T11:36:06.737877,2024-10-18T11:36:06.737877,9999-12-31T11:46:26.996253,011-99000,"Capacitors - CAP MLCC X6S 4.7uF 10% 0603  "
SW-2222,Firmware - Firmware/Software,2024-10-18T11:36:06.737877,2024-10-18T11:36:06.737877,9999-12-31T11:46:26.996253,011-99000,Firmware - Firmware/Software
SW-2223,Firmware - FlexFirmware/Software,2024-10-18T11:36:06.737877,2024-10-18T11:36:06.737877,9999-12-31T11:46:26.996253,011-99000,Firmware - FlexFirmware/Software
SW-2225,Firmware - Smart Firmware/Software,2024-10-18T11:36:06.737877,2024-10-18T11:36:06.737877,9999-12-31T11:46:26.996253,011-99000,Firmware - Smart Firmware/Software
SW-2227,Firmware - Advanced Firmware/Software,2024-10-18T11:36:06.737877,2024-10-18T11:36:06.737877,9999-12-31T11:46:26.996253,011-99000,Firmware - Advanced Firmware/Software
SW-2228,Firmware - Premium Firmware/Software,2024-10-18T11:36:06.737877,2024-10-18T11:36:06.737877,9999-12-31T11:46:26.996253,011-99000,Firmware - Premium Firmware/Software
SW-2224,Firmware - Advanced Firmware/Software,2024-10-18T11:36:06.737877,2024-10-18T11:36:06.737877,9999-12-31T11:46:26.996253,011-99000,Firmware - Advanced Firmware/Software
SW-2229,Firmware - Advanced Firmware/Software,2024-10-18T11:36:06.737877,2024-10-18T11:36:06.737877,9999-12-31T11:46:26.996253,011-99000,Firmware - Advanced Firmware/Software
SW-2226,Firmware - Quick Firmware/Software,2024-10-18T11:36:06.737877,2024-10-18T11:36:06.737877,9999-12-31T11:46:26.996253,011-99000,Firmware - Quick Firmware/Software
SEN-6011,Sensors - Adaptive Sensor Integration,2024-10-18T11:36:06.737877,2024-10-18T11:36:06.737877,9999-12-31T11:46:26.996253,011-99000,Sensors - Adaptive Sensor Integration
SEN-6010,Sensors - Premium Sensor Integration,2024-10-18T11:36:06.737877,2024-10-18T11:36:06.737877,9999-12-31T11:46:26.996253,011-99000,Sensors - Premium Sensor Integration
SEN-6006,Sensors - Sensor Integration Module,2024-10-18T11:36:06.737877,2024-10-18T11:36:06.737877,9999-12-31T11:46:26.996253,011-99000,Sensors - Sensor Integration Module
SEN-6009,Sensors - Sensor Integration,2024-10-18T11:36:06.737877,2024-10-18T11:36:06.737877,9999-12-31T11:46:26.996253,011-99000,Sensors - Sensor Integration
SEN-6007,Sensors - SmartSensor Integration,2024-10-18T11:36:06.737877,2024-10-18T11:36:06.737877,9999-12-31T11:46:26.996253,011-99000,Sensors - SmartSensor Integration
SEN-6005,Sensors - FlexSensor Interface,2024-10-18T11:36:06.737877,2024-10-18T11:36:06.737877,9999-12-31T11:46:26.996253,011-99000,Sensors - FlexSensor Interface
SPE-8001,Hubs - SyncPro EliteModule,2024-10-18T11:36:06.737877,2024-10-18T11:36:06.737877,9999-12-31T11:46:26.996253,011-99000,Hubs - SyncPro EliteModule
IND-6878,"Inductors - IND 12nH 5% 250mA 2900MHz    ",2024-10-18T11:36:06.737877,2024-10-18T11:36:06.737877,9999-12-31T11:46:26.996253,011-99000,"Inductors - IND 12nH 5% 250mA 2900MHz    "
IND-9750,Inductors - IND 2.7nH0.1nH500mA10000MHz,2024-10-18T11:36:06.737877,2024-10-18T11:36:06.737877,9999-12-31T11:46:26.996253,011-99000,Inductors - IND 2.7nH0.1nH500mA10000MHz
CAP-5233,Capacitors - CAP 0.30pF 0.05pF 50V 0603,2024-10-18T11:36:06.737877,2024-10-18T11:36:06.737877,9999-12-31T11:46:26.996253,011-99000,Capacitors - CAP 0.30pF 0.05pF 50V 0603
CAP-5090,"Capacitors - CAP 1.0uF 10% 50V 0805 X7R   ",2024-10-18T11:36:06.737877,2024-10-18T11:36:06.737877,9999-12-31T11:46:26.996253,011-99000,"Capacitors - CAP 1.0uF 10% 50V 0805 X7R   "
CAP-5001,"Capacitors - CAP MLCC X6S 1.0uF 10% 0603  ",2024-10-18T11:36:06.737877,2024-10-18T11:36:06.737877,9999-12-31T11:46:26.996253,011-99000,"Capacitors - CAP MLCC X6S 1.0uF 10% 0603  "
IND-6061,"Inductors - 2.2UH Inductor               ",2024-10-18T11:36:06.737877,2024-10-18T11:36:06.737877,9999-12-31T11:46:26.996253,011-99000,"Inductors - 2.2UH Inductor               "
CAP-4362,"Capacitors - CAP 0.10uF 0.1 25V 0603 X5R  ",2024-10-18T11:36:06.737877,2024-10-18T11:36:06.737877,9999-12-31T11:46:26.996253,011-99000,"Capacitors - CAP 0.10uF 0.1 25V 0603 X5R  "
CAP-4796,"Capacitors - CAP MLCC C0G 470pF 5% 0402   ",2024-10-18T11:36:06.737877,2024-10-18T11:36:06.737877,9999-12-31T11:46:26.996253,011-99000,"Capacitors - CAP MLCC C0G 470pF 5% 0402   "
CAP-8104,"Capacitors - CAP MLCC X6S 22uF 20% 0805   ",2024-10-18T11:36:06.737877,2024-10-18T11:36:06.737877,9999-12-31T11:46:26.996253,011-99000,"Capacitors - CAP MLCC X6S 22uF 20% 0805   "
IND-1399,"Inductors - IND 22nH 3% 150mA 2200MHz    ",2024-10-18T11:36:06.737877,2024-10-18T11:36:06.737877,9999-12-31T11:46:26.996253,011-99000,"Inductors - IND 22nH 3% 150mA 2200MHz    "
CAP-6181,"Capacitors - CAP MLCC X6S 1.0uF 10% 0402  ",2024-10-18T11:36:06.737877,2024-10-18T11:36:06.737877,9999-12-31T11:46:26.996253,011-99000,"Capacitors - CAP MLCC X6S 1.0uF 10% 0402  "
IND-6523,"Inductors - IND 5.1nH 3% 350mA4200MHz    ",2024-10-18T11:36:06.737877,2024-10-18T11:36:06.737877,9999-12-31T11:46:26.996253,011-99000,"Inductors - IND 5.1nH 3% 350mA4200MHz    "
IND-7149,"Inductors - IND 6.2nH 3% 300mA4000MHz    ",2024-10-18T11:36:06.737877,2024-10-18T11:36:06.737877,9999-12-31T11:46:26.996253,011-99000,"Inductors - IND 6.2nH 3% 300mA4000MHz    "
CAP-7773,Capacitors - CAP 3.0pF +0.1pF 25V 0603 C0G,2024-10-18T11:36:06.737877,2024-10-18T11:36:06.737877,9999-12-31T11:46:26.996253,011-99000,Capacitors - CAP 3.0pF +0.1pF 25V 0603 C0G
CAP-6971,"Capacitors - CAP 27pF 5% 25V 0603C0G      ",2024-10-18T11:36:06.737877,2024-10-18T11:36:06.737877,9999-12-31T11:46:26.996253,011-99000,"Capacitors - CAP 27pF 5% 25V 0603C0G      "
CAP-1130,"Capacitors - CAP 22uF 0.2 6.3V 0603 X5R   ",2024-10-18T11:36:06.737877,2024-10-18T11:36:06.737877,9999-12-31T11:46:26.996253,011-99000,"Capacitors - CAP 22uF 0.2 6.3V 0603 X5R   "
CAP-5383,"Capacitors - CAP MLCC X7R 1.0uF 10% 0402  ",2024-10-18T11:36:06.737877,2024-10-18T11:36:06.737877,9999-12-31T11:46:26.996253,011-99000,"Capacitors - CAP MLCC X7R 1.0uF 10% 0402  "
CAP-6713,"Capacitors - CAP 10pF 2% 50V 0603C0G      ",2024-10-18T11:36:06.737877,2024-10-18T11:36:06.737877,9999-12-31T11:46:26.996253,011-99000,"Capacitors - CAP 10pF 2% 50V 0603C0G      "
CAP-8865,Capacitors - CAP MLCC 33pF 2% 50V C0G 0402,2024-10-18T11:36:06.737877,2024-10-18T11:36:06.737877,9999-12-31T11:46:26.996253,011-99000,Capacitors - CAP MLCC 33pF 2% 50V C0G 0402
CAP-6852,"Capacitors - CAP 12pF 1% 50V 0603C0G      ",2024-10-18T11:36:06.737877,2024-10-18T11:36:06.737877,9999-12-31T11:46:26.996253,011-99000,"Capacitors - CAP 12pF 1% 50V 0603C0G      "
IND-4990,Inductors - IND 2.6nH0.1nH500mA10000MHz,2024-10-18T11:36:06.737877,2024-10-18T11:36:06.737877,9999-12-31T11:46:26.996253,011-99000,Inductors - IND 2.6nH0.1nH500mA10000MHz
CAP-7487,"Capacitors - CAP 13pF 1% 50V 0603C0G      ",2024-10-18T11:36:06.737877,2024-10-18T11:36:06.737877,9999-12-31T11:46:26.996253,011-99000,"Capacitors - CAP 13pF 1% 50V 0603C0G      "
IND-7600,Inductors - IND 2.3nH0.1nH500mA10000MHz,2024-10-18T11:36:06.737877,2024-10-18T11:36:06.737877,9999-12-31T11:46:26.996253,011-99000,Inductors - IND 2.3nH0.1nH500mA10000MHz
IND-7166,"Inductors - IND 5.6nH 3% 350mA4000MHz    ",2024-10-18T11:36:06.737877,2024-10-18T11:36:06.737877,9999-12-31T11:46:26.996253,011-99000,"Inductors - IND 5.6nH 3% 350mA4000MHz    "
IND-4828,"Inductors - IND 4.3nH 3% 350mA5300MHz    ",2024-10-18T11:36:06.737877,2024-10-18T11:36:06.737877,9999-12-31T11:46:26.996253,011-99000,"Inductors - IND 4.3nH 3% 350mA5300MHz    "
IND-5972,"Inductors - IND 39nH 3% 120mA 1500MHz    ",2024-10-18T11:36:06.737877,2024-10-18T11:36:06.737877,9999-12-31T11:46:26.996253,011-99000,"Inductors - IND 39nH 3% 120mA 1500MHz    "
CAP-8034,Capacitors - CAP 10uF 10% 50V 1210 X7S 125C,2024-10-18T11:36:06.737877,2024-10-18T11:36:06.737877,9999-12-31T11:46:26.996253,011-99000,Capacitors - CAP 10uF 10% 50V 1210 X7S 125C
CAP-2714,Capacitors - CAP 8.2pF +0.1pF 25V 0603 C0G,2024-10-18T11:36:06.737877,2024-10-18T11:36:06.737877,9999-12-31T11:46:26.996253,011-99000,Capacitors - CAP 8.2pF +0.1pF 25V 0603 C0G
CAP-4902,Capacitors - CAP 1.8pF +0.1pF 25V 0603 C0G,2024-10-18T11:36:06.737877,2024-10-18T11:36:06.737877,9999-12-31T11:46:26.996253,011-99000,Capacitors - CAP 1.8pF +0.1pF 25V 0603 C0G
IND-7445,Inductors - IND 3.2nH 0.1nH450mA8000MHz,2024-10-18T11:36:06.737877,2024-10-18T11:36:06.737877,9999-12-31T11:46:26.996253,011-99000,Inductors - IND 3.2nH 0.1nH450mA8000MHz
IND-3360,Inductors - IND 2.2uH20%2.8A ISAT 0.084Ohm,2024-10-18T11:36:06.737877,2024-10-18T11:36:06.737877,9999-12-31T11:46:26.996253,011-99000,Inductors - IND 2.2uH20%2.8A ISAT 0.084Ohm
IND-9878,Inductors - IND 2.7nH0.2nH500mA10000MHz,2024-10-18T11:36:06.737877,2024-10-18T11:36:06.737877,9999-12-31T11:46:26.996253,011-99000,Inductors - IND 2.7nH0.2nH500mA10000MHz
CAP-4822,Capacitors - CAP  10000pF 10% 16V X7R 0402,2024-10-18T11:36:06.737877,2024-10-18T11:36:06.737877,9999-12-31T11:46:26.996253,011-99000,Capacitors - CAP  10000pF 10% 16V X7R 0402
CAP-1851,"Capacitors - CAP 10uF 0.1 16V 0603 X5R    ",2024-10-18T11:36:06.737877,2024-10-18T11:36:06.737877,9999-12-31T11:46:26.996253,011-99000,"Capacitors - CAP 10uF 0.1 16V 0603 X5R    "
CAP-2661,"Capacitors - CAP 1000pF 10% 50V 0603 X7R  ",2024-10-18T11:36:06.737877,2024-10-18T11:36:06.737877,9999-12-31T11:46:26.996253,011-99000,"Capacitors - CAP 1000pF 10% 50V 0603 X7R  "
IND-6739,"Inductors - IND 12nH 3% 250mA 2900MHz    ",2024-10-18T11:36:06.737877,2024-10-18T11:36:06.737877,9999-12-31T11:46:26.996253,011-99000,"Inductors - IND 12nH 3% 250mA 2900MHz    "
CAP-8554,Capacitors - CAP 22000pF 10% 100V 0603 X7R,2024-10-18T11:36:06.737877,2024-10-18T11:36:06.737877,9999-12-31T11:46:26.996253,011-99000,Capacitors - CAP 22000pF 10% 100V 0603 X7R
IND-1968,"Inductors - IND 8.2nH 3% 250mA3600MHz    ",2024-10-18T11:36:06.737877,2024-10-18T11:36:06.737877,9999-12-31T11:46:26.996253,011-99000,"Inductors - IND 8.2nH 3% 250mA3600MHz    "
IND-7447,Inductors - IND 1.0nH0.1nH750mA17000MHz,2024-10-18T11:36:06.737877,2024-10-18T11:36:06.737877,9999-12-31T11:46:26.996253,011-99000,Inductors - IND 1.0nH0.1nH750mA17000MHz
IND-8436,Inductors - Ferrite0603 120OHMS-55Cto흮,2024-10-18T11:36:06.737877,2024-10-18T11:36:06.737877,9999-12-31T11:46:26.996253,011-99000,Inductors - Ferrite0603 120OHMS-55Cto흮
CAP-2660,"Capacitors - CAP MLCC X6S 10uF 20% 0603   ",2024-10-18T11:36:06.737877,2024-10-18T11:36:06.737877,9999-12-31T11:46:26.996253,011-99000,"Capacitors - CAP MLCC X6S 10uF 20% 0603   "
CAP-3871,"Capacitors - CAP 22uF 0.2 16V 0805 X5R    ",2024-10-18T11:36:06.737877,2024-10-18T11:36:06.737877,9999-12-31T11:46:26.996253,011-99000,"Capacitors - CAP 22uF 0.2 16V 0805 X5R    "
IND-8458,"Inductors - IND 15nH 3% 250mA 2600MHz    ",2024-10-18T11:36:06.737877,2024-10-18T11:36:06.737877,9999-12-31T11:46:26.996253,011-99000,"Inductors - IND 15nH 3% 250mA 2600MHz    "
CAP-1415,Capacitors - CAP 4.3pF +0.1pF 25V 0603 C0G,2024-10-18T11:36:06.737877,2024-10-18T11:36:06.737877,9999-12-31T11:46:26.996253,011-99000,Capacitors - CAP 4.3pF +0.1pF 25V 0603 C0G
CAP-4438,"Capacitors - CAP 0.10uF 10% 100V 0603 X7R ",2024-10-18T11:36:06.737877,2024-10-18T11:36:06.737877,9999-12-31T11:46:26.996253,011-99000,"Capacitors - CAP 0.10uF 10% 100V 0603 X7R "
IND-6102,Inductors - IND 1.2nH0.1nH750mA17000MHz,2024-10-18T11:36:06.737877,2024-10-18T11:36:06.737877,9999-12-31T11:46:26.996253,011-99000,Inductors - IND 1.2nH0.1nH750mA17000MHz
CAP-1613,"Capacitors - CAP 0.10uF 0.1 16V 0603 X5R  ",2024-10-18T11:36:06.737877,2024-10-18T11:36:06.737877,9999-12-31T11:46:26.996253,011-99000,"Capacitors - CAP 0.10uF 0.1 16V 0603 X5R  "
CAP-3185,"Capacitors - CAP 18pF 5% 25V 0603C0G      ",2024-10-18T11:36:06.737877,2024-10-18T11:36:06.737877,9999-12-31T11:46:26.996253,011-99000,"Capacitors - CAP 18pF 5% 25V 0603C0G      "
CAP-2263,Capacitors - CAP MLCC X6S 0.22uF  10% 0201,2024-10-18T11:36:06.737877,2024-10-18T11:36:06.737877,9999-12-31T11:46:26.996253,011-99000,Capacitors - CAP MLCC X6S 0.22uF  10% 0201
CAP-4715,"Capacitors - CAP 0.91pF 0.1pF 50V 0402 ",2024-10-18T11:36:06.737877,2024-10-18T11:36:06.737877,9999-12-31T11:46:26.996253,011-99000,"Capacitors - CAP 0.91pF 0.1pF 50V 0402 "
CAP-1357,"Capacitors - CAP  0.47uF 10% 16V X6S 0402 ",2024-10-18T11:36:06.737877,2024-10-18T11:36:06.737877,9999-12-31T11:46:26.996253,011-99000,"Capacitors - CAP  0.47uF 10% 16V X6S 0402 "
IND-7593,Inductors - IND 2.0nH0.1nH600mA12500MHz,2024-10-18T11:36:06.737877,2024-10-18T11:36:06.737877,9999-12-31T11:46:26.996253,011-99000,Inductors - IND 2.0nH0.1nH600mA12500MHz
IND-6223,Inductors - IND 4.0nH 0.1nH350mA5300MHz,2024-10-18T11:36:06.737877,2024-10-18T11:36:06.737877,9999-12-31T11:46:26.996253,011-99000,Inductors - IND 4.0nH 0.1nH350mA5300MHz
IND-8447,Inductors - IND 56nH 3%250mA0.82ohm 800MHz,2024-10-18T11:36:06.737877,2024-10-18T11:36:06.737877,9999-12-31T11:46:26.996253,011-99000,Inductors - IND 56nH 3%250mA0.82ohm 800MHz
CAP-8251,"Capacitors - CAP MLCC X6S 2.2uF 10% 0402  ",2024-10-18T11:36:06.737877,2024-10-18T11:36:06.737877,9999-12-31T11:46:26.996253,011-99000,"Capacitors - CAP MLCC X6S 2.2uF 10% 0402  "
CAP-1348,"Capacitors - CAP MLCC X6S 0.47uF 10% 0402 ",2024-10-18T11:36:06.737877,2024-10-18T11:36:06.737877,9999-12-31T11:46:26.996253,011-99000,"Capacitors - CAP MLCC X6S 0.47uF 10% 0402 "
CAP-3864,"Capacitors - CAP MLCC X6S 4.7uF 10% 0603  ",2024-10-18T11:36:06.737877,2024-10-18T11:36:06.737877,9999-12-31T11:46:26.996253,011-99000,"Capacitors - CAP MLCC X6S 4.7uF 10% 0603  "
CAP-2111,"Capacitors - CAP MLCC X6S 22uF 20% 0603   ",2024-10-18T11:36:06.737877,2024-10-18T11:36:06.737877,9999-12-31T11:46:26.996253,011-99000,"Capacitors - CAP MLCC X6S 22uF 20% 0603   "
IND-9603,Inductors - IND 10nH3%500mA0.19ohm 3300MHz,2024-10-18T11:36:06.737877,2024-10-18T11:36:06.737877,9999-12-31T11:46:26.996253,011-99000,Inductors - IND 10nH3%500mA0.19ohm 3300MHz
CAP-1987,"Capacitors - CAP MLCC X6S 2.2uF 10% 0402  ",2024-10-18T11:36:06.737877,2024-10-18T11:36:06.737877,9999-12-31T11:46:26.996253,011-99000,"Capacitors - CAP MLCC X6S 2.2uF 10% 0402  "
IND-1554,Inductors - IND 10uH +20%  0.1MHz 50V DC,2024-10-18T11:36:06.737877,2024-10-18T11:36:06.737877,9999-12-31T11:46:26.996253,011-99000,Inductors - IND 10uH +20%  0.1MHz 50V DC
CAP-3658,"Capacitors - CAP MLCC X6S 0.10uF 10% 0201 ",2024-10-18T11:36:06.737877,2024-10-18T11:36:06.737877,9999-12-31T11:46:26.996253,011-99000,"Capacitors - CAP MLCC X6S 0.10uF 10% 0201 "
CAP-1050,"Capacitors - CAP MLCC C0G 12pF 5% 0402    ",2024-10-18T11:36:06.737877,2024-10-18T11:36:06.737877,9999-12-31T11:46:26.996253,011-99000,"Capacitors - CAP MLCC C0G 12pF 5% 0402    "
CAP-9438,"Capacitors - CAP MLCC X6S 0.10uF 10% 0201 ",2024-10-18T11:36:06.737877,2024-10-18T11:36:06.737877,9999-12-31T11:46:26.996253,011-99000,"Capacitors - CAP MLCC X6S 0.10uF 10% 0201 "
CAP-5977,"Capacitors - CAP MLCC C0G 22pF 5% 0402    ",2024-10-18T11:36:06.737877,2024-10-18T11:36:06.737877,9999-12-31T11:46:26.996253,011-99000,"Capacitors - CAP MLCC C0G 22pF 5% 0402    "
CAP-5506,Capacitors - CAP MLCC 47pF 5% 50V C0G 0402,2024-10-18T11:36:06.737877,2024-10-18T11:36:06.737877,9999-12-31T11:46:26.996253,011-99000,Capacitors - CAP MLCC 47pF 5% 50V C0G 0402
TCM-9001,Communication modules - TechSync Control Module,2024-10-18T11:36:06.737877,2024-10-18T11:36:06.737877,9999-12-31T11:46:26.996253,011-99000,Communication modules - TechSync Control Module
CONN-7011,Connect modules - Elite Connector Module,2024-10-18T11:36:06.737877,2024-10-18T11:36:06.737877,9999-12-31T11:46:26.996253,011-99000,Connect modules - Elite Connector Module
ENC-9910,Enclosures - Quick Enclosure,2024-10-18T11:36:06.737877,2024-10-18T11:36:06.737877,9999-12-31T11:46:26.996253,011-99000,Enclosures - Quick Enclosure
ENC-9906,Enclosures - Enclosure,2024-10-18T11:36:06.737877,2024-10-18T11:36:06.737877,9999-12-31T11:46:26.996253,011-99000,Enclosures - Enclosure
PWR-8003,Power supplies - Power Supply Unit,2024-10-18T11:36:06.737877,2024-10-18T11:36:06.737877,9999-12-31T11:46:26.996253,011-99000,Power supplies - Power Supply Unit
COM-3304,Communication modules - Intelligent Communication,2024-10-18T11:36:06.737877,2024-10-18T11:36:06.737877,9999-12-31T11:46:26.996253,011-99000,Communication modules - Intelligent Communication
ANT-7784,Antennas - High-Performance Antenna,2024-10-18T11:36:06.737877,2024-10-18T11:36:06.737877,9999-12-31T11:46:26.996253,011-99000,Antennas - High-Performance Antenna
I/O-5504,I/O modules - Input/Output Interface,2024-10-18T11:36:06.737877,2024-10-18T11:36:06.737877,9999-12-31T11:46:26.996253,011-99000,I/O modules - Input/Output Interface
MEM-4004,Memory - Intelligent Memory,2024-10-18T11:36:06.737877,2024-10-18T11:36:06.737877,9999-12-31T11:46:26.996253,011-99000,Memory - Intelligent Memory
CPU-2023,Processing units - Fast Processing Unit,2024-10-18T11:36:06.737877,2024-10-18T11:36:06.737877,9999-12-31T11:46:26.996253,011-99000,Processing units - Fast Processing Unit
ENC-9908,Enclosures - Advanced Enclosure,2024-10-18T11:36:06.737877,2024-10-18T11:36:06.737877,9999-12-31T11:46:26.996253,011-99000,Enclosures - Advanced Enclosure
I/O-5507,I/O modules - Input/Output Interface,2024-10-18T11:36:06.737877,2024-10-18T11:36:06.737877,9999-12-31T11:46:26.996253,011-99000,I/O modules - Input/Output Interface
I/O-5505,I/O modules - SmartInput/Output Interface,2024-10-18T11:36:06.737877,2024-10-18T11:36:06.737877,9999-12-31T11:46:26.996253,011-99000,I/O modules - SmartInput/Output Interface
CONN-7010,Connect modules - Connector Module,2024-10-18T11:36:06.737877,2024-10-18T11:36:06.737877,9999-12-31T11:46:26.996253,011-99000,Connect modules - Connector Module
PCB-5555,Printed circuit boards - Printed Circuit Board,2024-10-18T11:36:06.737877,2024-10-18T11:36:06.737877,9999-12-31T11:46:26.996253,011-99000,Printed circuit boards - Printed Circuit Board
COM-3302,Communication modules - HyperCommunication Module,2024-10-18T11:36:06.737877,2024-10-18T11:36:06.737877,9999-12-31T11:46:26.996253,011-99000,Communication modules - HyperCommunication Module
COM-3301,Communication modules - Communication Module,2024-10-18T11:36:06.737877,2024-10-18T11:36:06.737877,9999-12-31T11:46:26.996253,011-99000,Communication modules - Communication Module
PCB-5558,Printed circuit boards - SmartPrinted Circuit Board,2024-10-18T11:36:06.737877,2024-10-18T11:36:06.737877,9999-12-31T11:46:26.996253,011-99000,Printed circuit boards - SmartPrinted Circuit Board
COM-3306,Communication modules - Advanced Communication,2024-10-18T11:36:06.737877,2024-10-18T11:36:06.737877,9999-12-31T11:46:26.996253,011-99000,Communication modules - Advanced Communication
MEM-4008,Memory - Enhanced Memory,2024-10-18T11:36:06.737877,2024-10-18T11:36:06.737877,9999-12-31T11:46:26.996253,011-99000,Memory - Enhanced Memory
ANT-7779,Antennas - High-Performance Antenna,2024-10-18T11:36:06.737877,2024-10-18T11:36:06.737877,9999-12-31T11:46:26.996253,011-99000,Antennas - High-Performance Antenna
MAN-1005,Documentation - User Manual,2024-10-18T11:36:06.737877,2024-10-18T11:36:06.737877,9999-12-31T11:46:26.996253,011-99000,Documentation - User Manual
ANT-7780,Antennas - Smart Antenna Module,2024-10-18T11:36:06.737877,2024-10-18T11:36:06.737877,9999-12-31T11:46:26.996253,011-99000,Antennas - Smart Antenna Module
CONN-7012,Connect modules - Control Connector Module,2024-10-18T11:36:06.737877,2024-10-18T11:36:06.737877,9999-12-31T11:46:26.996253,011-99000,Connect modules - Control Connector Module
ANT-7778,Antennas - FlexAntenna Module,2024-10-18T11:36:06.737877,2024-10-18T11:36:06.737877,9999-12-31T11:46:26.996253,011-99000,Antennas - FlexAntenna Module
PWR-8009,Power supplies - High-Performance Power,2024-10-18T11:36:06.737877,2024-10-18T11:36:06.737877,9999-12-31T11:46:26.996253,011-99000,Power supplies - High-Performance Power
I/O-5508,I/O modules - Advanced Input/Output,2024-10-18T11:36:06.737877,2024-10-18T11:36:06.737877,9999-12-31T11:46:26.996253,011-99000,I/O modules - Advanced Input/Output
MAN-1004,Documentation - User Manual,2024-10-18T11:36:06.737877,2024-10-18T11:36:06.737877,9999-12-31T11:46:26.996253,011-99000,Documentation - User Manual
CONN-7008,Connect modules - Connector Module,2024-10-18T11:36:06.737877,2024-10-18T11:36:06.737877,9999-12-31T11:46:26.996253,011-99000,Connect modules - Connector Module
MEM-4003,Memory - High-Capacity Memory,2024-10-18T11:36:06.737877,2024-10-18T11:36:06.737877,9999-12-31T11:46:26.996253,011-99000,Memory - High-Capacity Memory
COM-3308,Communication modules - High-Performance Comm.,2024-10-18T11:36:06.737877,2024-10-18T11:36:06.737877,9999-12-31T11:46:26.996253,011-99000,Communication modules - High-Performance Comm.
MAN-1008,Documentation - User Manual,2024-10-18T11:36:06.737877,2024-10-18T11:36:06.737877,9999-12-31T11:46:26.996253,011-99000,Documentation - User Manual
I/O-5503,I/O modules - FlexInput/Output Interface,2024-10-18T11:36:06.737877,2024-10-18T11:36:06.737877,9999-12-31T11:46:26.996253,011-99000,I/O modules - FlexInput/Output Interface
ENC-9912,Enclosures - Premium Enclosure,2024-10-18T11:36:06.737877,2024-10-18T11:36:06.737877,9999-12-31T11:46:26.996253,011-99000,Enclosures - Premium Enclosure
ANT-7783,Antennas - Premium Antenna Module,2024-10-18T11:36:06.737877,2024-10-18T11:36:06.737877,9999-12-31T11:46:26.996253,011-99000,Antennas - Premium Antenna Module
PWR-8004,Power supplies - PowerFlex Supply Unit,2024-10-18T11:36:06.737877,2024-10-18T11:36:06.737877,9999-12-31T11:46:26.996253,011-99000,Power supplies - PowerFlex Supply Unit
CONN-7006,Connect modules - FlexConnector Board,2024-10-18T11:36:06.737877,2024-10-18T11:36:06.737877,9999-12-31T11:46:26.996253,011-99000,Connect modules - FlexConnector Board
ANT-7777,Antennas - Antenna Module,2024-10-18T11:36:06.737877,2024-10-18T11:36:06.737877,9999-12-31T11:46:26.996253,011-99000,Antennas - Antenna Module
CPU-2022,Processing units - Smart Processing Unit,2024-10-18T11:36:06.737877,2024-10-18T11:36:06.737877,9999-12-31T11:46:26.996253,011-99000,Processing units - Smart Processing Unit
MEM-4002,Memory - HyperMemory Module,2024-10-18T11:36:06.737877,2024-10-18T11:36:06.737877,9999-12-31T11:46:26.996253,011-99000,Memory - HyperMemory Module
LED-1110,LEDs - Status Indicator LEDs,2024-10-18T11:36:06.737877,2024-10-18T11:36:06.737877,9999-12-31T11:46:26.996253,011-99000,LEDs - Status Indicator LEDs
I/O-5509,I/O modules - Advanced Input/Output,2024-10-18T11:36:06.737877,2024-10-18T11:36:06.737877,9999-12-31T11:46:26.996253,011-99000,I/O modules - Advanced Input/Output
CONN-7005,Connect modules - Connector Board,2024-10-18T11:36:06.737877,2024-10-18T11:36:06.737877,9999-12-31T11:46:26.996253,011-99000,Connect modules - Connector Board
MEM-4006,Memory - High-Capacity Memory,2024-10-18T11:36:06.737877,2024-10-18T11:36:06.737877,9999-12-31T11:46:26.996253,011-99000,Memory - High-Capacity Memory
COM-3307,Communication modules - Elite Communication,2024-10-18T11:36:06.737877,2024-10-18T11:36:06.737877,9999-12-31T11:46:26.996253,011-99000,Communication modules - Elite Communication
PWR-8007,Power supplies - Quick Power Supply,2024-10-18T11:36:06.737877,2024-10-18T11:36:06.737877,9999-12-31T11:46:26.996253,011-99000,Power supplies - Quick Power Supply
MEM-4005,Memory - Rapid Memory,2024-10-18T11:36:06.737877,2024-10-18T11:36:06.737877,9999-12-31T11:46:26.996253,011-99000,Memory - Rapid Memory
PCB-5556,Printed circuit boards - FlexPrinted Circuit Board,2024-10-18T11:36:06.737877,2024-10-18T11:36:06.737877,9999-12-31T11:46:26.996253,011-99000,Printed circuit boards - FlexPrinted Circuit Board
PCB-5557,Printed circuit boards - Multi-Layer Circuit Board,2024-10-18T11:36:06.737877,2024-10-18T11:36:06.737877,9999-12-31T11:46:26.996253,011-99000,Printed circuit boards - Multi-Layer Circuit Board
CONN-7007,Connect modules - Connector Hub,2024-10-18T11:36:06.737877,2024-10-18T11:36:06.737877,9999-12-31T11:46:26.996253,011-99000,Connect modules - Connector Hub
ANT-7781,Antennas - Quick Antenna Module,2024-10-18T11:36:06.737877,2024-10-18T11:36:06.737877,9999-12-31T11:46:26.996253,011-99000,Antennas - Quick Antenna Module
PCB-5561,Printed circuit boards - Advanced Printed Circuit Board,2024-10-18T11:36:06.737877,2024-10-18T11:36:06.737877,9999-12-31T11:46:26.996253,011-99000,Printed circuit boards - Advanced Printed Circuit Board
PCB-5560,Printed circuit boards - Printed Circuit Board,2024-10-18T11:36:06.737877,2024-10-18T11:36:06.737877,9999-12-31T11:46:26.996253,011-99000,Printed circuit boards - Printed Circuit Board
MAN-1006,Documentation - User Manual,2024-10-18T11:36:06.737877,2024-10-18T11:36:06.737877,9999-12-31T11:46:26.996253,011-99000,Documentation - User Manual
CPU-2025,Processing units - Elite Processing Unit,2024-10-18T11:36:06.737877,2024-10-18T11:36:06.737877,9999-12-31T11:46:26.996253,011-99000,Processing units - Elite Processing Unit
PWR-8006,Power supplies - Adaptive Power Supply,2024-10-18T11:36:06.737877,2024-10-18T11:36:06.737877,9999-12-31T11:46:26.996253,011-99000,Power supplies - Adaptive Power Supply
CONN-7009,Connect modules - Quick Connector Module,2024-10-18T11:36:06.737877,2024-10-18T11:36:06.737877,9999-12-31T11:46:26.996253,011-99000,Connect modules - Quick Connector Module
MAN-1001,Documentation - User Manual,2024-10-18T11:36:06.737877,2024-10-18T11:36:06.737877,9999-12-31T11:46:26.996253,011-99000,Documentation - User Manual
ENC-9911,Enclosures - Advanced Enclosure,2024-10-18T11:36:06.737877,2024-10-18T11:36:06.737877,9999-12-31T11:46:26.996253,011-99000,Enclosures - Advanced Enclosure
COM-3305,Communication modules - High-Speed Communication,2024-10-18T11:36:06.737877,2024-10-18T11:36:06.737877,9999-12-31T11:46:26.996253,011-99000,Communication modules - High-Speed Communication
I/O-5502,I/O modules - Input/Output Interface,2024-10-18T11:36:06.737877,2024-10-18T11:36:06.737877,9999-12-31T11:46:26.996253,011-99000,I/O modules - Input/Output Interface
I/O-5506,I/O modules - Rapid Input/Output Interface,2024-10-18T11:36:06.737877,2024-10-18T11:36:06.737877,9999-12-31T11:46:26.996253,011-99000,I/O modules - Rapid Input/Output Interface
CPU-2024,Processing units - Advanced Processing Unit,2024-10-18T11:36:06.737877,2024-10-18T11:36:06.737877,9999-12-31T11:46:26.996253,011-99000,Processing units - Advanced Processing Unit
MEM-4007,Memory - Premium Memory,2024-10-18T11:36:06.737877,2024-10-18T11:36:06.737877,9999-12-31T11:46:26.996253,011-99000,Memory - Premium Memory
LED-1111,LEDs - FlexStatus LEDs,2024-10-18T11:36:06.737877,2024-10-18T11:36:06.737877,9999-12-31T11:46:26.996253,011-99000,LEDs - FlexStatus LEDs
ENC-9913,Enclosures - Advanced Enclosure,2024-10-18T11:36:06.737877,2024-10-18T11:36:06.737877,9999-12-31T11:46:26.996253,011-99000,Enclosures - Advanced Enclosure
PCB-5559,Printed circuit boards - Quick Printed Circuit Board,2024-10-18T11:36:06.737877,2024-10-18T11:36:06.737877,9999-12-31T11:46:26.996253,011-99000,Printed circuit boards - Quick Printed Circuit Board
CPU-2026,Processing units - Advanced Control Processor,2024-10-18T11:36:06.737877,2024-10-18T11:36:06.737877,9999-12-31T11:46:26.996253,011-99000,Processing units - Advanced Control Processor
ENC-9907,Enclosures - FlexEnclosure,2024-10-18T11:36:06.737877,2024-10-18T11:36:06.737877,9999-12-31T11:46:26.996253,011-99000,Enclosures - FlexEnclosure
LED-1115,LEDs - Status Indicator LEDs,2024-10-18T11:36:06.737877,2024-10-18T11:36:06.737877,9999-12-31T11:46:26.996253,011-99000,LEDs - Status Indicator LEDs
ENC-9909,Enclosures - Smart Enclosure,2024-10-18T11:36:06.737877,2024-10-18T11:36:06.737877,9999-12-31T11:46:26.996253,011-99000,Enclosures - Smart Enclosure
LED-1112,LEDs - Status Indicator LEDs,2024-10-18T11:36:06.737877,2024-10-18T11:36:06.737877,9999-12-31T11:46:26.996253,011-99000,LEDs - Status Indicator LEDs
CPU-2021,Processing units - Advanced Processing Unit,2024-10-18T11:36:06.737877,2024-10-18T11:36:06.737877,9999-12-31T11:46:26.996253,011-99000,Processing units - Advanced Processing Unit
MAN-1007,Documentation - User Manual,2024-10-18T11:36:06.737877,2024-10-18T11:36:06.737877,9999-12-31T11:46:26.996253,011-99000,Documentation - User Manual
MAN-1003,Documentation - User Manual,2024-10-18T11:36:06.737877,2024-10-18T11:36:06.737877,9999-12-31T11:46:26.996253,011-99000,Documentation - User Manual
PWR-8008,Power supplies - Advanced Power Supply,2024-10-18T11:36:06.737877,2024-10-18T11:36:06.737877,9999-12-31T11:46:26.996253,011-99000,Power supplies - Advanced Power Supply
LED-1116,LEDs - Status Indicator LEDs,2024-10-18T11:36:06.737877,2024-10-18T11:36:06.737877,9999-12-31T11:46:26.996253,011-99000,LEDs - Status Indicator LEDs
LED-1113,LEDs - Intelligent Status LEDs,2024-10-18T11:36:06.737877,2024-10-18T11:36:06.737877,9999-12-31T11:46:26.996253,011-99000,LEDs - Intelligent Status LEDs
MAN-1002,Documentation - User Manual,2024-10-18T11:36:06.737877,2024-10-18T11:36:06.737877,9999-12-31T11:46:26.996253,011-99000,Documentation - User Manual
COM-3303,Communication modules - Communication Module,2024-10-18T11:36:06.737877,2024-10-18T11:36:06.737877,9999-12-31T11:46:26.996253,011-99000,Communication modules - Communication Module
LED-1117,LEDs - Status Indicator LEDs,2024-10-18T11:36:06.737877,2024-10-18T11:36:06.737877,9999-12-31T11:46:26.996253,011-99000,LEDs - Status Indicator LEDs
MEM-4001,Memory - Memory Module,2024-10-18T11:36:06.737877,2024-10-18T11:36:06.737877,9999-12-31T11:46:26.996253,011-99000,Memory - Memory Module
PWR-8010,Power supplies - Enhanced Power Supply,2024-10-18T11:36:06.737877,2024-10-18T11:36:06.737877,9999-12-31T11:46:26.996253,011-99000,Power supplies - Enhanced Power Supply
ANT-7782,Antennas - Advanced Antenna Module,2024-10-18T11:36:06.737877,2024-10-18T11:36:06.737877,9999-12-31T11:46:26.996253,011-99000,Antennas - Advanced Antenna Module
CPU-2020,Processing units - Central Processing Unit,2024-10-18T11:36:06.737877,2024-10-18T11:36:06.737877,9999-12-31T11:46:26.996253,011-99000,Processing units - Central Processing Unit
LED-1114,LEDs - Quick Status LEDs,2024-10-18T11:36:06.737877,2024-10-18T11:36:06.737877,9999-12-31T11:46:26.996253,011-99000,LEDs - Quick Status LEDs
PWR-8005,Power supplies - Dynamic Power Supply,2024-10-18T11:36:06.737877,2024-10-18T11:36:06.737877,9999-12-31T11:46:26.996253,011-99000,Power supplies - Dynamic Power Supply
PCB-5562,Printed circuit boards - Control Printed Circuit Board,2024-10-18T11:36:06.737877,2024-10-18T11:36:06.737877,9999-12-31T11:46:26.996253,011-99000,Printed circuit boards - Control Printed Circuit Board
FCH-3001,Communication modules - FuelFlex HyperControl Hub,2024-10-18T11:36:06.737877,2024-10-18T11:36:06.737877,9999-12-31T11:46:26.996253,011-99000,Communication modules - FuelFlex HyperControl Hub
QAM-6001,Hubs - QuickSync AuxLink Module,2024-10-18T11:36:06.737877,2024-10-18T11:36:06.737877,9999-12-31T11:46:26.996253,011-99000,Hubs - QuickSync AuxLink Module
PAC-7001,Printed circuit boards - PowerSync ProAux Control,2024-10-18T11:36:06.737877,2024-10-18T11:36:06.737877,9999-12-31T11:46:26.996253,011-99000,Printed circuit boards - PowerSync ProAux Control
ECM-1001,Control board - Main Control Board,2024-10-18T11:36:06.737877,2024-10-18T11:36:06.737877,9999-12-31T11:46:26.996253,011-99000,Control board - Main Control Board
SBH-5001,Hubs - SmartBody HyperControl Module,2024-10-18T11:36:06.737877,2024-10-18T11:36:06.737877,9999-12-31T11:46:26.996253,011-99000,Hubs - SmartBody HyperControl Module
PFH-4001,Communication modules - PowerFlex ProControl Hub,2024-10-18T11:36:06.737877,2024-10-18T11:36:06.737877,9999-12-31T11:46:26.996253,011-99000,Communication modules - PowerFlex ProControl Hub
HSG-8814,Housings - Sleek Control Housing,2024-10-18T11:36:06.737877,2024-10-18T11:36:06.737877,9999-12-31T11:46:26.996253,011-99000,Housings - Sleek Control Housing
HSG-8809,Housings - Durable Housing,2024-10-18T11:36:06.737877,2024-10-18T11:36:06.737877,9999-12-31T11:46:26.996253,011-99000,Housings - Durable Housing
HSG-8812,Housings - Sleek Housing,2024-10-18T11:36:06.737877,2024-10-18T11:36:06.737877,9999-12-31T11:46:26.996253,011-99000,Housings - Sleek Housing
HSG-8813,Housings - Premium Housing,2024-10-18T11:36:06.737877,2024-10-18T11:36:06.737877,9999-12-31T11:46:26.996253,011-99000,Housings - Premium Housing
HSG-8811,Housings - Compact Housing,2024-10-18T11:36:06.737877,2024-10-18T11:36:06.737877,9999-12-31T11:46:26.996253,011-99000,Housings - Compact Housing
HSG-8810,Housings - Sleek Housing,2024-10-18T11:36:06.737877,2024-10-18T11:36:06.737877,9999-12-31T11:46:26.996253,011-99000,Housings - Sleek Housing
HSG-8807,Housings - Housing,2024-10-18T11:36:06.737877,2024-10-18T11:36:06.737877,9999-12-31T11:46:26.996253,011-99000,Housings - Housing
HSG-8808,Housings - FlexHousing,2024-10-18T11:36:06.737877,2024-10-18T11:36:06.737877,9999-12-31T11:46:26.996253,011-99000,Housings - FlexHousing
SEN-6008,Sensors - Fast Sensor Integration,2024-10-18T11:36:06.737877,2024-10-18T11:36:06.737877,9999-12-31T11:46:26.996253,011-99000,Sensors - Fast Sensor Integration
SEN-6004,Sensors - Sensor Interface,2024-10-18T11:36:06.737877,2024-10-18T11:36:06.737877,9999-12-31T11:46:26.996253,011-99000,Sensors - Sensor Interface
